{"cameraMode":{"drawMode":0,"name":"Shaded","section":"Shading Mode"},"sceneLighting":true,"audioPlay":false,"sceneViewState":{"showFog":true,"showMaterialUpdate":false,"showSkybox":true,"showFlares":true,"showImageEffects":true,"showParticleSystems":true},"in2DMode":false,"pivot":{"x":-1.8103232383728028,"y":0.5370081663131714,"z":2.3394384384155275},"rotation":{"x":0.1340773105621338,"y":-0.48494741320610049,"z":0.07552629709243775,"w":0.8608978390693665},"size":15.164271354675293,"orthographic":false}